[{"model": "evaluacion.jurado", "pk": 1, "fields": {"user": 1, "tipo": 1}}, {"model": "evaluacion.jurado", "pk": 2, "fields": {"user": 6, "tipo": 1}}, {"model": "evaluacion.jurado", "pk": 3, "fields": {"user": 8, "tipo": 2}}, {"model": "evaluacion.jurado", "pk": 4, "fields": {"user": 7, "tipo": 2}}, {"model": "evaluacion.jurado", "pk": 5, "fields": {"user": 4, "tipo": 1}}, {"model": "evaluacion.jurado", "pk": 6, "fields": {"user": 3, "tipo": 1}}, {"model": "evaluacion.jurado", "pk": 7, "fields": {"user": 5, "tipo": 1}}, {"model": "evaluacion.jurado", "pk": 8, "fields": {"user": 10, "tipo": 1}}, {"model": "evaluacion.jurado", "pk": 9, "fields": {"user": 9, "tipo": 2}}, {"model": "evaluacion.jurado", "pk": 10, "fields": {"user": 11, "tipo": 1}}, {"model": "evaluacion.criterio", "pk": 1, "fields": {"nombre": "Innovaci\u00f3n", "explicacion1": "Ya hay soluciones que hacen esto.", "explicacion2": "La soluci\u00f3n proporciona una forma mejor / m\u00e1s r\u00e1pida / m\u00e1s clara para atacar el problema que las soluciones existentes.", "explicacion3": "La soluci\u00f3n agrega funcionalidades m\u00e1s all\u00e1 de las proporcionadas por las soluciones existentes.", "explicacion4": "La soluci\u00f3n ataca al problema con un nuevo \u00e1ngulo / en una escala mayor / en un nivel superior que las soluciones existentes.", "explicacion5": "La soluci\u00f3n ataca al problema de una forma completamente nueva y lo hace de forma \u00f3ptima.", "tipo_jurado": 2}}, {"model": "evaluacion.criterio", "pk": 2, "fields": {"nombre": "Factibilidad", "explicacion1": "La soluci\u00f3n no es factible para el problema planteado.", "explicacion2": "La idea podr\u00eda ser factible, pero tiene una baja probabilidad de \u00e9xito porque es dif\u00edcil de implementar.", "explicacion3": "La idea parece bastante factible, y tiene una buena probabilidad de \u00e9xito si se salvan algunas restricciones existentes.", "explicacion4": "La idea parece muy factible y viable con alta probabilidad de \u00e9xito.", "explicacion5": "La idea parece extremadamente factible y viable con una muy alta probabilidad de \u00e9xito.", "tipo_jurado": 2}}, {"model": "evaluacion.criterio", "pk": 3, "fields": {"nombre": "Presentaci\u00f3n", "explicacion1": "La presentaci\u00f3n carece de estructura clara y sentido de coherencia, lo que la hace dif\u00edcil de seguir.", "explicacion2": "La presentaci\u00f3n no est\u00e1 bien organizada y carece de cohesi\u00f3n, lo que significa que las funcionalidades e ideas centrales no se comprenden.", "explicacion3": "La presentaci\u00f3n es clara y est\u00e1 l\u00f3gicamente organizada. Sin embargo, las funcionalidades e ideas centrales podr\u00edan ser presentadas con mayor claridad.", "explicacion4": "La presentaci\u00f3n es clara y est\u00e1 l\u00f3gicamente organizada. Los elementos centrales del producto est\u00e1n claramente establecidos, pero podr\u00edan ser mejor destacados durante la presentaci\u00f3n.", "explicacion5": "La presentaci\u00f3n es clara y est\u00e1 l\u00f3gicamente organizada. Los elementos centrales del producto son claramente expresados y resaltados.", "tipo_jurado": 2}}, {"model": "evaluacion.criterio", "pk": 4, "fields": {"nombre": "Estado de Madurez del Producto", "explicacion1": "Para el prototipo presentado no se desarroll\u00f3 software.", "explicacion2": "Para el prototipo presentado se desarroll\u00f3 algo de software, pero no est\u00e1 claro cuales funcionalidades implementa.", "explicacion3": "El equipo entreg\u00f3 un prototipo con una cantidad significativa de software desarrollado.", "explicacion4": "El equipo entreg\u00f3 un prototipo en donde el software desarrollado cubre las funcionalidades centrales del producto y se evidencia que el equipo tiene las habilidades para completarlas.", "explicacion5": "El equipo muestra habilidades t\u00e9cnicas sobresalientes. El software desarrollado es ingenioso y contundente.", "tipo_jurado": 1}}, {"model": "evaluacion.criterio", "pk": 5, "fields": {"nombre": "Pertinencia de las Tecnolog\u00edas Utilizadas", "explicacion1": "El equipo ha usado tecnolog\u00edas desfasadas y/o no apropiadas para la soluci\u00f3n desarrollada.", "explicacion2": "El equipo ha usado pocas tecnolog\u00edas (Lenguajes, Frameworks, APIs, DBMS, entre otras) actualizadas y/o que se adapten a los requerimientos del problema que resuelve la soluci\u00f3n desarrollada.", "explicacion3": "El equipo ha usado una cantidad moderada de tecnolog\u00edas (Lenguajes, Frameworks, APIs, DBMS, entre otras) actualizadas y/o que se adapten a los requerimientos del problema que resuelve la soluci\u00f3n desarrollada.", "explicacion4": "El equipo ha usado en gran medida tecnolog\u00edas (Lenguajes, Frameworks, APIs, DBMS, entre otras) actualizadas y/o que se adapten a los requerimientos del problema que resuelve la soluci\u00f3n desarrollada.", "explicacion5": "El equipo ha usado tecnolog\u00edas (Lenguajes, Frameworks, APIs, DBMS, entre otras) de forma \u00f3ptima para el desarrollo de la soluci\u00f3n.", "tipo_jurado": 1}}, {"model": "evaluacion.criterio", "pk": 6, "fields": {"nombre": "Arquitectura de la Soluci\u00f3n", "explicacion1": "No se evidencia ninguna preocupaci\u00f3n por aspectos relacionados a Arquitectura de Software.", "explicacion2": "El equipo tom\u00f3 en cuenta algunos aspectos de Arquitectura de Software, pero no est\u00e1 clara la pertinencia de estas decisiones para la soluci\u00f3n propuesta.", "explicacion3": "El equipo tom\u00f3 decisiones a nivel de Arquitectura de Software, algunas de las cuales pueden ser pertinentes para la soluci\u00f3n propuesta.", "explicacion4": "La arquitectura de la soluci\u00f3n propuesta muestra que pueden conseguirse buenas prestaciones a nivel de escalabilidad y otros aspectos no funcionales de la soluci\u00f3n.", "explicacion5": "La arquitectura de la soluci\u00f3n propuesta muestra que es altamente escalable y presenta caracter\u00edsticas excelentes con respecto a disponibilidad, seguridad y eficiencia a nivel computacional.", "tipo_jurado": 1}}, {"model": "evaluacion.criterio", "pk": 7, "fields": {"nombre": "Experiencia del Usuario", "explicacion1": "No se evidencia ninguna preocupaci\u00f3n por aspectos relacionados a Experiencia del Usuario.", "explicacion2": "El equipo tom\u00f3 en cuenta algunos aspectos de Experiencia de Usuario, pero no est\u00e1 clara la pertinencia de estas decisiones para la soluci\u00f3n propuesta.", "explicacion3": "El equipo tom\u00f3 decisiones a nivel de Experiencia de usuario, algunas de las cuales pueden ser pertinentes para la soluci\u00f3n propuesta.", "explicacion4": "La soluci\u00f3n provee de buenos elementos para facilitar la Experiencia de Usuario y es relativamente coherente el flujo propuesto para que el p\u00fablico al que se dirigen la soluci\u00f3n pueda realizar las tareas.", "explicacion5": "La soluci\u00f3n provee una Experiencia de Usuario intuitiva y muestra un flujo de realizaci\u00f3n de las tareas con mucho sentido para el p\u00fablico que consumir\u00e1 la soluci\u00f3n.", "tipo_jurado": 1}}, {"model": "evaluacion.criterio", "pk": 8, "fields": {"nombre": "Presentaci\u00f3n", "explicacion1": "La presentaci\u00f3n carece de estructura clara y sentido de coherencia, lo que la hace dif\u00edcil de seguir.", "explicacion2": "La presentaci\u00f3n no est\u00e1 bien organizada y carece de cohesi\u00f3n, lo que significa que las funcionalidades e ideas centrales no se comprenden.", "explicacion3": "La presentaci\u00f3n es clara y est\u00e1 l\u00f3gicamente organizada. Sin embargo, las funcionalidades e ideas centrales podr\u00edan ser presentadas con mayor claridad.", "explicacion4": "La presentaci\u00f3n es clara y est\u00e1 l\u00f3gicamente organizada. Los elementos centrales del producto est\u00e1n claramente establecidos, pero podr\u00edan ser mejor destacados durante la presentaci\u00f3n.", "explicacion5": "La presentaci\u00f3n es clara y est\u00e1 l\u00f3gicamente organizada. Los elementos centrales del producto son claramente expresados y resaltados.", "tipo_jurado": 1}}, {"model": "evaluacion.equipo", "pk": 1, "fields": {"nombre": "Equipo 1", "puntuacion": 0, "habilitado": true}}, {"model": "evaluacion.equipo", "pk": 2, "fields": {"nombre": "SOFTONE", "puntuacion": 35, "habilitado": true}}, {"model": "evaluacion.equipo", "pk": 3, "fields": {"nombre": "Wolfpack", "puntuacion": 33, "habilitado": true}}, {"model": "evaluacion.equipo", "pk": 4, "fields": {"nombre": "Tri-force", "puntuacion": 47, "habilitado": true}}, {"model": "evaluacion.equipo", "pk": 5, "fields": {"nombre": "Bool rlados", "puntuacion": 41, "habilitado": true}}, {"model": "evaluacion.equipo", "pk": 6, "fields": {"nombre": "Toxios", "puntuacion": 29, "habilitado": true}}, {"model": "evaluacion.equipo", "pk": 7, "fields": {"nombre": "Genial", "puntuacion": 23, "habilitado": true}}, {"model": "evaluacion.equipo", "pk": 8, "fields": {"nombre": "I/O Exceptions", "puntuacion": 27, "habilitado": true}}, {"model": "evaluacion.equipo", "pk": 9, "fields": {"nombre": "DevOverflow", "puntuacion": 23, "habilitado": true}}, {"model": "evaluacion.equipo", "pk": 10, "fields": {"nombre": "banana.py", "puntuacion": 12, "habilitado": true}}, {"model": "evaluacion.equipo", "pk": 11, "fields": {"nombre": "The Titans", "puntuacion": 34, "habilitado": true}}, {"model": "evaluacion.equipo", "pk": 12, "fields": {"nombre": "Los Titanes", "puntuacion": 24, "habilitado": true}}, {"model": "evaluacion.equipo", "pk": 13, "fields": {"nombre": "Neural", "puntuacion": 45, "habilitado": true}}, {"model": "evaluacion.equipo", "pk": 14, "fields": {"nombre": "UNAPEC TEAM", "puntuacion": 30, "habilitado": true}}, {"model": "evaluacion.equipo", "pk": 15, "fields": {"nombre": "Code Catalyst", "puntuacion": 14, "habilitado": true}}, {"model": "evaluacion.equipo", "pk": 16, "fields": {"nombre": "SFinanciera", "puntuacion": 36, "habilitado": true}}, {"model": "evaluacion.equipo", "pk": 17, "fields": {"nombre": "Arachnids", "puntuacion": 30, "habilitado": true}}, {"model": "evaluacion.equipo", "pk": 18, "fields": {"nombre": "OverCode", "puntuacion": 29, "habilitado": true}}, {"model": "evaluacion.equipo", "pk": 19, "fields": {"nombre": "Code Warriors", "puntuacion": 17, "habilitado": true}}, {"model": "evaluacion.equipo", "pk": 20, "fields": {"nombre": "Not Found", "puntuacion": 35, "habilitado": true}}, {"model": "evaluacion.equipo", "pk": 21, "fields": {"nombre": "FNC", "puntuacion": 29, "habilitado": true}}, {"model": "evaluacion.equipo", "pk": 22, "fields": {"nombre": "Equipo 22", "puntuacion": 0, "habilitado": true}}, {"model": "evaluacion.participante", "pk": 1, "fields": {"nombre": "Ronald Michael M\u00e1rmol Rodr\u00edguez", "equipo": 1}}, {"model": "evaluacion.participante", "pk": 2, "fields": {"nombre": "Robert Fermin Marcelino Camilo", "equipo": 1}}, {"model": "evaluacion.participante", "pk": 3, "fields": {"nombre": "Genesis Santana Ferreira", "equipo": 1}}, {"model": "evaluacion.participante", "pk": 4, "fields": {"nombre": "C\u00e9sar B\u00e1ez", "equipo": 2}}, {"model": "evaluacion.participante", "pk": 5, "fields": {"nombre": "David Lora Pe\u00f1a", "equipo": 2}}, {"model": "evaluacion.participante", "pk": 6, "fields": {"nombre": "Franly Antonio Pe\u00f1a Cosme", "equipo": 2}}, {"model": "evaluacion.participante", "pk": 7, "fields": {"nombre": "Angeri Martinez", "equipo": 3}}, {"model": "evaluacion.participante", "pk": 8, "fields": {"nombre": "Julio Perez", "equipo": 3}}, {"model": "evaluacion.participante", "pk": 9, "fields": {"nombre": "Cindy Cuevas", "equipo": 3}}, {"model": "evaluacion.participante", "pk": 10, "fields": {"nombre": "Ricardo Jos\u00e9 Rosario Garcia", "equipo": 4}}, {"model": "evaluacion.participante", "pk": 11, "fields": {"nombre": "\u00c1ngel Jes\u00fas Gonzalez Zacarias", "equipo": 4}}, {"model": "evaluacion.participante", "pk": 12, "fields": {"nombre": "Gustavo Jos\u00e9 Henr\u00edquez Contreras", "equipo": 4}}, {"model": "evaluacion.participante", "pk": 13, "fields": {"nombre": "Samir Antonio Compr\u00e9s Bencosme", "equipo": 5}}, {"model": "evaluacion.participante", "pk": 14, "fields": {"nombre": "Jos\u00e9 Tom\u00e1s Molina Lopez", "equipo": 5}}, {"model": "evaluacion.participante", "pk": 15, "fields": {"nombre": "Juan Thom\u00e1s \u00c1ngel Montilla", "equipo": 5}}, {"model": "evaluacion.participante", "pk": 16, "fields": {"nombre": "Jorge Rafael Soto Bravo", "equipo": 17}}, {"model": "evaluacion.participante", "pk": 17, "fields": {"nombre": "Julio Cesar Ramirez Ure\u00f1a", "equipo": 17}}, {"model": "evaluacion.participante", "pk": 18, "fields": {"nombre": "Sondley Northecide", "equipo": 17}}, {"model": "evaluacion.participante", "pk": 19, "fields": {"nombre": "Johann Antonio Cruz Almonte", "equipo": 16}}, {"model": "evaluacion.participante", "pk": 20, "fields": {"nombre": "C\u00e9sar Arturo Garcia Sena", "equipo": 16}}, {"model": "evaluacion.participante", "pk": 21, "fields": {"nombre": "Armando Jose Soto Melo", "equipo": 16}}, {"model": "evaluacion.participante", "pk": 22, "fields": {"nombre": "Paola Cristina Nieves Jimenez", "equipo": 15}}, {"model": "evaluacion.participante", "pk": 23, "fields": {"nombre": "Aydee Shahira Rodriguez Garrido", "equipo": 15}}, {"model": "evaluacion.participante", "pk": 24, "fields": {"nombre": "Jason Enmanuel Parra G\u00f3mez", "equipo": 15}}, {"model": "evaluacion.participante", "pk": 25, "fields": {"nombre": "Jose Guillermo Gomez Alcala", "equipo": 14}}, {"model": "evaluacion.participante", "pk": 26, "fields": {"nombre": "Emil Tejeda Casilla", "equipo": 14}}, {"model": "evaluacion.participante", "pk": 27, "fields": {"nombre": "Yarodis Rafael Ramirez Oliva", "equipo": 14}}, {"model": "evaluacion.participante", "pk": 28, "fields": {"nombre": "Daniel Enrique Pe\u00f1a Garcia", "equipo": 13}}, {"model": "evaluacion.participante", "pk": 29, "fields": {"nombre": "Angel Emilio Contreras Rosario", "equipo": 13}}, {"model": "evaluacion.participante", "pk": 30, "fields": {"nombre": "Jose Alberto Santiago Luna", "equipo": 13}}, {"model": "evaluacion.participante", "pk": 31, "fields": {"nombre": "Cristian G\u00f3mez Evangelista", "equipo": 12}}, {"model": "evaluacion.participante", "pk": 32, "fields": {"nombre": "Randy Gabriel Dilon\u00e9 De Leon", "equipo": 12}}, {"model": "evaluacion.participante", "pk": 33, "fields": {"nombre": "Luis Miguel Rodriguez Bido", "equipo": 12}}, {"model": "evaluacion.participante", "pk": 34, "fields": {"nombre": "William Joseph Herman Guerrero", "equipo": 11}}, {"model": "evaluacion.participante", "pk": 35, "fields": {"nombre": "Javier Ignacio Castillo Ramos", "equipo": 11}}, {"model": "evaluacion.participante", "pk": 36, "fields": {"nombre": "Pedro Antonio Amparo Candelaria", "equipo": 11}}, {"model": "evaluacion.participante", "pk": 37, "fields": {"nombre": "Jaime Rafael Vi\u00f1as Pe\u00f1a", "equipo": 10}}, {"model": "evaluacion.participante", "pk": 38, "fields": {"nombre": "Carlos Eduardo Perez Ure\u00f1a", "equipo": 10}}, {"model": "evaluacion.participante", "pk": 39, "fields": {"nombre": "Jes\u00fas Henriquez", "equipo": 10}}, {"model": "evaluacion.participante", "pk": 40, "fields": {"nombre": "Albert Feliz Garo", "equipo": 18}}, {"model": "evaluacion.participante", "pk": 41, "fields": {"nombre": "David Antonio Peralta Guzm\u00e1n", "equipo": 18}}, {"model": "evaluacion.participante", "pk": 42, "fields": {"nombre": "Nuris Samantha Valdez Alcantara", "equipo": 18}}, {"model": "evaluacion.participante", "pk": 43, "fields": {"nombre": "Juan Diego L\u00f3pez V\u00e9lez", "equipo": 19}}, {"model": "evaluacion.participante", "pk": 44, "fields": {"nombre": "Nicole Espinal Duran", "equipo": 19}}, {"model": "evaluacion.participante", "pk": 45, "fields": {"nombre": "Abiezer Antonio Reyes Suriel", "equipo": 19}}, {"model": "evaluacion.participante", "pk": 46, "fields": {"nombre": "Tommy Xavier G\u00f3mez Garc\u00eda", "equipo": 20}}, {"model": "evaluacion.participante", "pk": 47, "fields": {"nombre": "Wildin Oscar Mota Cruceta", "equipo": 20}}, {"model": "evaluacion.participante", "pk": 48, "fields": {"nombre": "Brandi Ota\u00f1o Romero", "equipo": 20}}, {"model": "evaluacion.participante", "pk": 49, "fields": {"nombre": "Felix David Garc\u00eda Fa\u00f1a", "equipo": 21}}, {"model": "evaluacion.participante", "pk": 50, "fields": {"nombre": "N\u00e9stor Alberto Peguero", "equipo": 21}}, {"model": "evaluacion.participante", "pk": 51, "fields": {"nombre": "Miguel Angel Valdez Ruiz", "equipo": 21}}, {"model": "evaluacion.participante", "pk": 52, "fields": {"nombre": "Pablo Lu\u00eds Ferreira Pe\u00f1a", "equipo": 9}}, {"model": "evaluacion.participante", "pk": 53, "fields": {"nombre": "Siver Vladimir Aguilo Flores", "equipo": 9}}, {"model": "evaluacion.participante", "pk": 54, "fields": {"nombre": "Hommy Leonardo De Jes\u00fas Abreu", "equipo": 9}}, {"model": "evaluacion.participante", "pk": 55, "fields": {"nombre": "Kelvin Xavier Garc\u00eda Tiburcio", "equipo": 6}}, {"model": "evaluacion.participante", "pk": 56, "fields": {"nombre": "Enmanuel Marcial Medina Martinez", "equipo": 6}}, {"model": "evaluacion.participante", "pk": 57, "fields": {"nombre": "Joseph Angelo Flerime", "equipo": 6}}, {"model": "evaluacion.participante", "pk": 58, "fields": {"nombre": "Ernesto Ramon Ledesma", "equipo": 7}}, {"model": "evaluacion.participante", "pk": 59, "fields": {"nombre": "Antoniely Robles Marte", "equipo": 7}}, {"model": "evaluacion.participante", "pk": 60, "fields": {"nombre": "Pablo Luis Reinoso Santana", "equipo": 7}}, {"model": "evaluacion.participante", "pk": 61, "fields": {"nombre": "Cristopher Junior Vivieca Ramos", "equipo": 8}}, {"model": "evaluacion.participante", "pk": 62, "fields": {"nombre": "Lewandy Dilone Bonifacio", "equipo": 8}}, {"model": "evaluacion.participante", "pk": 63, "fields": {"nombre": "Luis Enrique Contreras Garcia", "equipo": 8}}, {"model": "evaluacion.evaluacion", "pk": 1, "fields": {"criterio": 5, "puntaje": 4, "jurado": 1, "equipo": 2}}, {"model": "evaluacion.evaluacion", "pk": 2, "fields": {"criterio": 4, "puntaje": 2, "jurado": 1, "equipo": 2}}, {"model": "evaluacion.evaluacion", "pk": 3, "fields": {"criterio": 6, "puntaje": 2, "jurado": 1, "equipo": 2}}, {"model": "evaluacion.evaluacion", "pk": 4, "fields": {"criterio": 8, "puntaje": 1, "jurado": 1, "equipo": 2}}, {"model": "evaluacion.evaluacion", "pk": 5, "fields": {"criterio": 7, "puntaje": 2, "jurado": 1, "equipo": 2}}, {"model": "evaluacion.evaluacion", "pk": 6, "fields": {"criterio": 7, "puntaje": 4, "jurado": 8, "equipo": 2}}, {"model": "evaluacion.evaluacion", "pk": 7, "fields": {"criterio": 4, "puntaje": 3, "jurado": 8, "equipo": 2}}, {"model": "evaluacion.evaluacion", "pk": 8, "fields": {"criterio": 6, "puntaje": 5, "jurado": 8, "equipo": 2}}, {"model": "evaluacion.evaluacion", "pk": 9, "fields": {"criterio": 8, "puntaje": 2, "jurado": 8, "equipo": 2}}, {"model": "evaluacion.evaluacion", "pk": 10, "fields": {"criterio": 5, "puntaje": 2, "jurado": 8, "equipo": 2}}, {"model": "evaluacion.evaluacion", "pk": 11, "fields": {"criterio": 7, "puntaje": 4, "jurado": 8, "equipo": 3}}, {"model": "evaluacion.evaluacion", "pk": 12, "fields": {"criterio": 4, "puntaje": 5, "jurado": 8, "equipo": 3}}, {"model": "evaluacion.evaluacion", "pk": 13, "fields": {"criterio": 6, "puntaje": 1, "jurado": 8, "equipo": 3}}, {"model": "evaluacion.evaluacion", "pk": 14, "fields": {"criterio": 8, "puntaje": 5, "jurado": 8, "equipo": 3}}, {"model": "evaluacion.evaluacion", "pk": 15, "fields": {"criterio": 5, "puntaje": 2, "jurado": 8, "equipo": 3}}, {"model": "evaluacion.evaluacion", "pk": 16, "fields": {"criterio": 7, "puntaje": 5, "jurado": 8, "equipo": 4}}, {"model": "evaluacion.evaluacion", "pk": 17, "fields": {"criterio": 4, "puntaje": 3, "jurado": 8, "equipo": 4}}, {"model": "evaluacion.evaluacion", "pk": 18, "fields": {"criterio": 6, "puntaje": 5, "jurado": 8, "equipo": 4}}, {"model": "evaluacion.evaluacion", "pk": 19, "fields": {"criterio": 8, "puntaje": 2, "jurado": 8, "equipo": 4}}, {"model": "evaluacion.evaluacion", "pk": 20, "fields": {"criterio": 5, "puntaje": 1, "jurado": 8, "equipo": 4}}, {"model": "evaluacion.evaluacion", "pk": 21, "fields": {"criterio": 7, "puntaje": 5, "jurado": 8, "equipo": 5}}, {"model": "evaluacion.evaluacion", "pk": 22, "fields": {"criterio": 4, "puntaje": 2, "jurado": 8, "equipo": 5}}, {"model": "evaluacion.evaluacion", "pk": 23, "fields": {"criterio": 6, "puntaje": 3, "jurado": 8, "equipo": 5}}, {"model": "evaluacion.evaluacion", "pk": 24, "fields": {"criterio": 8, "puntaje": 5, "jurado": 8, "equipo": 5}}, {"model": "evaluacion.evaluacion", "pk": 25, "fields": {"criterio": 5, "puntaje": 2, "jurado": 8, "equipo": 5}}, {"model": "evaluacion.evaluacion", "pk": 26, "fields": {"criterio": 7, "puntaje": 3, "jurado": 8, "equipo": 6}}, {"model": "evaluacion.evaluacion", "pk": 27, "fields": {"criterio": 4, "puntaje": 1, "jurado": 8, "equipo": 6}}, {"model": "evaluacion.evaluacion", "pk": 28, "fields": {"criterio": 6, "puntaje": 3, "jurado": 8, "equipo": 6}}, {"model": "evaluacion.evaluacion", "pk": 29, "fields": {"criterio": 8, "puntaje": 3, "jurado": 8, "equipo": 6}}, {"model": "evaluacion.evaluacion", "pk": 30, "fields": {"criterio": 5, "puntaje": 4, "jurado": 8, "equipo": 6}}, {"model": "evaluacion.evaluacion", "pk": 31, "fields": {"criterio": 7, "puntaje": 4, "jurado": 8, "equipo": 7}}, {"model": "evaluacion.evaluacion", "pk": 32, "fields": {"criterio": 4, "puntaje": 2, "jurado": 8, "equipo": 7}}, {"model": "evaluacion.evaluacion", "pk": 33, "fields": {"criterio": 6, "puntaje": 4, "jurado": 8, "equipo": 7}}, {"model": "evaluacion.evaluacion", "pk": 34, "fields": {"criterio": 8, "puntaje": 1, "jurado": 8, "equipo": 7}}, {"model": "evaluacion.evaluacion", "pk": 35, "fields": {"criterio": 5, "puntaje": 4, "jurado": 8, "equipo": 7}}, {"model": "evaluacion.evaluacion", "pk": 36, "fields": {"criterio": 2, "puntaje": 1, "jurado": 9, "equipo": 2}}, {"model": "evaluacion.evaluacion", "pk": 37, "fields": {"criterio": 3, "puntaje": 1, "jurado": 9, "equipo": 2}}, {"model": "evaluacion.evaluacion", "pk": 38, "fields": {"criterio": 1, "puntaje": 1, "jurado": 9, "equipo": 2}}, {"model": "evaluacion.evaluacion", "pk": 39, "fields": {"criterio": 2, "puntaje": 5, "jurado": 9, "equipo": 4}}, {"model": "evaluacion.evaluacion", "pk": 40, "fields": {"criterio": 3, "puntaje": 5, "jurado": 9, "equipo": 4}}, {"model": "evaluacion.evaluacion", "pk": 41, "fields": {"criterio": 1, "puntaje": 5, "jurado": 9, "equipo": 4}}, {"model": "evaluacion.evaluacion", "pk": 42, "fields": {"criterio": 7, "puntaje": 5, "jurado": 8, "equipo": 8}}, {"model": "evaluacion.evaluacion", "pk": 43, "fields": {"criterio": 4, "puntaje": 3, "jurado": 8, "equipo": 8}}, {"model": "evaluacion.evaluacion", "pk": 44, "fields": {"criterio": 6, "puntaje": 2, "jurado": 8, "equipo": 8}}, {"model": "evaluacion.evaluacion", "pk": 45, "fields": {"criterio": 8, "puntaje": 2, "jurado": 8, "equipo": 8}}, {"model": "evaluacion.evaluacion", "pk": 46, "fields": {"criterio": 5, "puntaje": 3, "jurado": 8, "equipo": 8}}, {"model": "evaluacion.evaluacion", "pk": 47, "fields": {"criterio": 7, "puntaje": 2, "jurado": 8, "equipo": 9}}, {"model": "evaluacion.evaluacion", "pk": 48, "fields": {"criterio": 4, "puntaje": 2, "jurado": 8, "equipo": 9}}, {"model": "evaluacion.evaluacion", "pk": 49, "fields": {"criterio": 6, "puntaje": 1, "jurado": 8, "equipo": 9}}, {"model": "evaluacion.evaluacion", "pk": 50, "fields": {"criterio": 8, "puntaje": 3, "jurado": 8, "equipo": 9}}, {"model": "evaluacion.evaluacion", "pk": 51, "fields": {"criterio": 5, "puntaje": 2, "jurado": 8, "equipo": 9}}, {"model": "evaluacion.evaluacion", "pk": 52, "fields": {"criterio": 7, "puntaje": 2, "jurado": 8, "equipo": 10}}, {"model": "evaluacion.evaluacion", "pk": 53, "fields": {"criterio": 4, "puntaje": 3, "jurado": 8, "equipo": 10}}, {"model": "evaluacion.evaluacion", "pk": 54, "fields": {"criterio": 6, "puntaje": 3, "jurado": 8, "equipo": 10}}, {"model": "evaluacion.evaluacion", "pk": 55, "fields": {"criterio": 8, "puntaje": 1, "jurado": 8, "equipo": 10}}, {"model": "evaluacion.evaluacion", "pk": 56, "fields": {"criterio": 5, "puntaje": 3, "jurado": 8, "equipo": 10}}, {"model": "evaluacion.evaluacion", "pk": 57, "fields": {"criterio": 7, "puntaje": 4, "jurado": 8, "equipo": 11}}, {"model": "evaluacion.evaluacion", "pk": 58, "fields": {"criterio": 4, "puntaje": 5, "jurado": 8, "equipo": 11}}, {"model": "evaluacion.evaluacion", "pk": 59, "fields": {"criterio": 6, "puntaje": 5, "jurado": 8, "equipo": 11}}, {"model": "evaluacion.evaluacion", "pk": 60, "fields": {"criterio": 8, "puntaje": 3, "jurado": 8, "equipo": 11}}, {"model": "evaluacion.evaluacion", "pk": 61, "fields": {"criterio": 5, "puntaje": 5, "jurado": 8, "equipo": 11}}, {"model": "evaluacion.evaluacion", "pk": 62, "fields": {"criterio": 7, "puntaje": 4, "jurado": 8, "equipo": 12}}, {"model": "evaluacion.evaluacion", "pk": 63, "fields": {"criterio": 4, "puntaje": 1, "jurado": 8, "equipo": 12}}, {"model": "evaluacion.evaluacion", "pk": 64, "fields": {"criterio": 6, "puntaje": 3, "jurado": 8, "equipo": 12}}, {"model": "evaluacion.evaluacion", "pk": 65, "fields": {"criterio": 8, "puntaje": 5, "jurado": 8, "equipo": 12}}, {"model": "evaluacion.evaluacion", "pk": 66, "fields": {"criterio": 5, "puntaje": 2, "jurado": 8, "equipo": 12}}, {"model": "evaluacion.evaluacion", "pk": 67, "fields": {"criterio": 7, "puntaje": 4, "jurado": 8, "equipo": 13}}, {"model": "evaluacion.evaluacion", "pk": 68, "fields": {"criterio": 4, "puntaje": 4, "jurado": 8, "equipo": 13}}, {"model": "evaluacion.evaluacion", "pk": 69, "fields": {"criterio": 6, "puntaje": 3, "jurado": 8, "equipo": 13}}, {"model": "evaluacion.evaluacion", "pk": 70, "fields": {"criterio": 8, "puntaje": 5, "jurado": 8, "equipo": 13}}, {"model": "evaluacion.evaluacion", "pk": 71, "fields": {"criterio": 5, "puntaje": 4, "jurado": 8, "equipo": 13}}, {"model": "evaluacion.evaluacion", "pk": 72, "fields": {"criterio": 7, "puntaje": 5, "jurado": 8, "equipo": 14}}, {"model": "evaluacion.evaluacion", "pk": 73, "fields": {"criterio": 4, "puntaje": 3, "jurado": 8, "equipo": 14}}, {"model": "evaluacion.evaluacion", "pk": 74, "fields": {"criterio": 6, "puntaje": 2, "jurado": 8, "equipo": 14}}, {"model": "evaluacion.evaluacion", "pk": 75, "fields": {"criterio": 8, "puntaje": 4, "jurado": 8, "equipo": 14}}, {"model": "evaluacion.evaluacion", "pk": 76, "fields": {"criterio": 5, "puntaje": 3, "jurado": 8, "equipo": 14}}, {"model": "evaluacion.evaluacion", "pk": 77, "fields": {"criterio": 7, "puntaje": 2, "jurado": 10, "equipo": 2}}, {"model": "evaluacion.evaluacion", "pk": 78, "fields": {"criterio": 4, "puntaje": 5, "jurado": 10, "equipo": 2}}, {"model": "evaluacion.evaluacion", "pk": 79, "fields": {"criterio": 6, "puntaje": 3, "jurado": 10, "equipo": 2}}, {"model": "evaluacion.evaluacion", "pk": 80, "fields": {"criterio": 8, "puntaje": 4, "jurado": 10, "equipo": 2}}, {"model": "evaluacion.evaluacion", "pk": 81, "fields": {"criterio": 5, "puntaje": 2, "jurado": 10, "equipo": 2}}, {"model": "evaluacion.evaluacion", "pk": 82, "fields": {"criterio": 7, "puntaje": 2, "jurado": 8, "equipo": 15}}, {"model": "evaluacion.evaluacion", "pk": 83, "fields": {"criterio": 4, "puntaje": 2, "jurado": 8, "equipo": 15}}, {"model": "evaluacion.evaluacion", "pk": 84, "fields": {"criterio": 6, "puntaje": 1, "jurado": 8, "equipo": 15}}, {"model": "evaluacion.evaluacion", "pk": 85, "fields": {"criterio": 8, "puntaje": 1, "jurado": 8, "equipo": 15}}, {"model": "evaluacion.evaluacion", "pk": 86, "fields": {"criterio": 5, "puntaje": 2, "jurado": 8, "equipo": 15}}, {"model": "evaluacion.evaluacion", "pk": 87, "fields": {"criterio": 7, "puntaje": 4, "jurado": 10, "equipo": 3}}, {"model": "evaluacion.evaluacion", "pk": 88, "fields": {"criterio": 4, "puntaje": 2, "jurado": 10, "equipo": 3}}, {"model": "evaluacion.evaluacion", "pk": 89, "fields": {"criterio": 6, "puntaje": 3, "jurado": 10, "equipo": 3}}, {"model": "evaluacion.evaluacion", "pk": 90, "fields": {"criterio": 8, "puntaje": 4, "jurado": 10, "equipo": 3}}, {"model": "evaluacion.evaluacion", "pk": 91, "fields": {"criterio": 5, "puntaje": 3, "jurado": 10, "equipo": 3}}, {"model": "evaluacion.evaluacion", "pk": 92, "fields": {"criterio": 7, "puntaje": 4, "jurado": 8, "equipo": 16}}, {"model": "evaluacion.evaluacion", "pk": 93, "fields": {"criterio": 4, "puntaje": 4, "jurado": 8, "equipo": 16}}, {"model": "evaluacion.evaluacion", "pk": 94, "fields": {"criterio": 6, "puntaje": 5, "jurado": 8, "equipo": 16}}, {"model": "evaluacion.evaluacion", "pk": 95, "fields": {"criterio": 8, "puntaje": 3, "jurado": 8, "equipo": 16}}, {"model": "evaluacion.evaluacion", "pk": 96, "fields": {"criterio": 5, "puntaje": 4, "jurado": 8, "equipo": 16}}, {"model": "evaluacion.evaluacion", "pk": 97, "fields": {"criterio": 7, "puntaje": 4, "jurado": 10, "equipo": 4}}, {"model": "evaluacion.evaluacion", "pk": 98, "fields": {"criterio": 4, "puntaje": 1, "jurado": 10, "equipo": 4}}, {"model": "evaluacion.evaluacion", "pk": 99, "fields": {"criterio": 6, "puntaje": 5, "jurado": 10, "equipo": 4}}, {"model": "evaluacion.evaluacion", "pk": 100, "fields": {"criterio": 8, "puntaje": 3, "jurado": 10, "equipo": 4}}, {"model": "evaluacion.evaluacion", "pk": 101, "fields": {"criterio": 5, "puntaje": 3, "jurado": 10, "equipo": 4}}, {"model": "evaluacion.evaluacion", "pk": 102, "fields": {"criterio": 7, "puntaje": 5, "jurado": 8, "equipo": 17}}, {"model": "evaluacion.evaluacion", "pk": 103, "fields": {"criterio": 4, "puntaje": 2, "jurado": 8, "equipo": 17}}, {"model": "evaluacion.evaluacion", "pk": 104, "fields": {"criterio": 6, "puntaje": 4, "jurado": 8, "equipo": 17}}, {"model": "evaluacion.evaluacion", "pk": 105, "fields": {"criterio": 8, "puntaje": 1, "jurado": 8, "equipo": 17}}, {"model": "evaluacion.evaluacion", "pk": 106, "fields": {"criterio": 5, "puntaje": 3, "jurado": 8, "equipo": 17}}, {"model": "evaluacion.evaluacion", "pk": 107, "fields": {"criterio": 7, "puntaje": 5, "jurado": 10, "equipo": 5}}, {"model": "evaluacion.evaluacion", "pk": 108, "fields": {"criterio": 4, "puntaje": 5, "jurado": 10, "equipo": 5}}, {"model": "evaluacion.evaluacion", "pk": 109, "fields": {"criterio": 6, "puntaje": 5, "jurado": 10, "equipo": 5}}, {"model": "evaluacion.evaluacion", "pk": 110, "fields": {"criterio": 8, "puntaje": 4, "jurado": 10, "equipo": 5}}, {"model": "evaluacion.evaluacion", "pk": 111, "fields": {"criterio": 5, "puntaje": 5, "jurado": 10, "equipo": 5}}, {"model": "evaluacion.evaluacion", "pk": 112, "fields": {"criterio": 7, "puntaje": 1, "jurado": 8, "equipo": 18}}, {"model": "evaluacion.evaluacion", "pk": 113, "fields": {"criterio": 4, "puntaje": 5, "jurado": 8, "equipo": 18}}, {"model": "evaluacion.evaluacion", "pk": 114, "fields": {"criterio": 6, "puntaje": 2, "jurado": 8, "equipo": 18}}, {"model": "evaluacion.evaluacion", "pk": 115, "fields": {"criterio": 8, "puntaje": 3, "jurado": 8, "equipo": 18}}, {"model": "evaluacion.evaluacion", "pk": 116, "fields": {"criterio": 5, "puntaje": 5, "jurado": 8, "equipo": 18}}, {"model": "evaluacion.evaluacion", "pk": 117, "fields": {"criterio": 7, "puntaje": 3, "jurado": 10, "equipo": 6}}, {"model": "evaluacion.evaluacion", "pk": 118, "fields": {"criterio": 4, "puntaje": 4, "jurado": 10, "equipo": 6}}, {"model": "evaluacion.evaluacion", "pk": 119, "fields": {"criterio": 6, "puntaje": 3, "jurado": 10, "equipo": 6}}, {"model": "evaluacion.evaluacion", "pk": 120, "fields": {"criterio": 8, "puntaje": 3, "jurado": 10, "equipo": 6}}, {"model": "evaluacion.evaluacion", "pk": 121, "fields": {"criterio": 5, "puntaje": 2, "jurado": 10, "equipo": 6}}, {"model": "evaluacion.evaluacion", "pk": 122, "fields": {"criterio": 7, "puntaje": 2, "jurado": 8, "equipo": 19}}, {"model": "evaluacion.evaluacion", "pk": 123, "fields": {"criterio": 4, "puntaje": 3, "jurado": 8, "equipo": 19}}, {"model": "evaluacion.evaluacion", "pk": 124, "fields": {"criterio": 6, "puntaje": 3, "jurado": 8, "equipo": 19}}, {"model": "evaluacion.evaluacion", "pk": 125, "fields": {"criterio": 8, "puntaje": 1, "jurado": 8, "equipo": 19}}, {"model": "evaluacion.evaluacion", "pk": 126, "fields": {"criterio": 5, "puntaje": 3, "jurado": 8, "equipo": 19}}, {"model": "evaluacion.evaluacion", "pk": 127, "fields": {"criterio": 7, "puntaje": 2, "jurado": 10, "equipo": 7}}, {"model": "evaluacion.evaluacion", "pk": 128, "fields": {"criterio": 4, "puntaje": 1, "jurado": 10, "equipo": 7}}, {"model": "evaluacion.evaluacion", "pk": 129, "fields": {"criterio": 6, "puntaje": 2, "jurado": 10, "equipo": 7}}, {"model": "evaluacion.evaluacion", "pk": 130, "fields": {"criterio": 8, "puntaje": 2, "jurado": 10, "equipo": 7}}, {"model": "evaluacion.evaluacion", "pk": 131, "fields": {"criterio": 5, "puntaje": 1, "jurado": 10, "equipo": 7}}, {"model": "evaluacion.evaluacion", "pk": 132, "fields": {"criterio": 7, "puntaje": 5, "jurado": 8, "equipo": 20}}, {"model": "evaluacion.evaluacion", "pk": 133, "fields": {"criterio": 4, "puntaje": 4, "jurado": 8, "equipo": 20}}, {"model": "evaluacion.evaluacion", "pk": 134, "fields": {"criterio": 6, "puntaje": 5, "jurado": 8, "equipo": 20}}, {"model": "evaluacion.evaluacion", "pk": 135, "fields": {"criterio": 8, "puntaje": 1, "jurado": 8, "equipo": 20}}, {"model": "evaluacion.evaluacion", "pk": 136, "fields": {"criterio": 5, "puntaje": 5, "jurado": 8, "equipo": 20}}, {"model": "evaluacion.evaluacion", "pk": 137, "fields": {"criterio": 7, "puntaje": 2, "jurado": 10, "equipo": 8}}, {"model": "evaluacion.evaluacion", "pk": 138, "fields": {"criterio": 4, "puntaje": 3, "jurado": 10, "equipo": 8}}, {"model": "evaluacion.evaluacion", "pk": 139, "fields": {"criterio": 6, "puntaje": 2, "jurado": 10, "equipo": 8}}, {"model": "evaluacion.evaluacion", "pk": 140, "fields": {"criterio": 8, "puntaje": 2, "jurado": 10, "equipo": 8}}, {"model": "evaluacion.evaluacion", "pk": 141, "fields": {"criterio": 5, "puntaje": 3, "jurado": 10, "equipo": 8}}, {"model": "evaluacion.evaluacion", "pk": 142, "fields": {"criterio": 7, "puntaje": 2, "jurado": 8, "equipo": 21}}, {"model": "evaluacion.evaluacion", "pk": 143, "fields": {"criterio": 4, "puntaje": 1, "jurado": 8, "equipo": 21}}, {"model": "evaluacion.evaluacion", "pk": 144, "fields": {"criterio": 6, "puntaje": 2, "jurado": 8, "equipo": 21}}, {"model": "evaluacion.evaluacion", "pk": 145, "fields": {"criterio": 8, "puntaje": 4, "jurado": 8, "equipo": 21}}, {"model": "evaluacion.evaluacion", "pk": 146, "fields": {"criterio": 5, "puntaje": 1, "jurado": 8, "equipo": 21}}, {"model": "evaluacion.evaluacion", "pk": 147, "fields": {"criterio": 7, "puntaje": 3, "jurado": 10, "equipo": 9}}, {"model": "evaluacion.evaluacion", "pk": 148, "fields": {"criterio": 4, "puntaje": 2, "jurado": 10, "equipo": 9}}, {"model": "evaluacion.evaluacion", "pk": 149, "fields": {"criterio": 6, "puntaje": 3, "jurado": 10, "equipo": 9}}, {"model": "evaluacion.evaluacion", "pk": 150, "fields": {"criterio": 8, "puntaje": 3, "jurado": 10, "equipo": 9}}, {"model": "evaluacion.evaluacion", "pk": 151, "fields": {"criterio": 5, "puntaje": 2, "jurado": 10, "equipo": 9}}, {"model": "evaluacion.evaluacion", "pk": 152, "fields": {"criterio": 7, "puntaje": 2, "jurado": 10, "equipo": 11}}, {"model": "evaluacion.evaluacion", "pk": 153, "fields": {"criterio": 4, "puntaje": 2, "jurado": 10, "equipo": 11}}, {"model": "evaluacion.evaluacion", "pk": 154, "fields": {"criterio": 6, "puntaje": 3, "jurado": 10, "equipo": 11}}, {"model": "evaluacion.evaluacion", "pk": 155, "fields": {"criterio": 8, "puntaje": 2, "jurado": 10, "equipo": 11}}, {"model": "evaluacion.evaluacion", "pk": 156, "fields": {"criterio": 5, "puntaje": 3, "jurado": 10, "equipo": 11}}, {"model": "evaluacion.evaluacion", "pk": 157, "fields": {"criterio": 7, "puntaje": 3, "jurado": 10, "equipo": 12}}, {"model": "evaluacion.evaluacion", "pk": 158, "fields": {"criterio": 4, "puntaje": 1, "jurado": 10, "equipo": 12}}, {"model": "evaluacion.evaluacion", "pk": 159, "fields": {"criterio": 6, "puntaje": 1, "jurado": 10, "equipo": 12}}, {"model": "evaluacion.evaluacion", "pk": 160, "fields": {"criterio": 8, "puntaje": 1, "jurado": 10, "equipo": 12}}, {"model": "evaluacion.evaluacion", "pk": 161, "fields": {"criterio": 5, "puntaje": 3, "jurado": 10, "equipo": 12}}, {"model": "evaluacion.evaluacion", "pk": 162, "fields": {"criterio": 7, "puntaje": 5, "jurado": 10, "equipo": 13}}, {"model": "evaluacion.evaluacion", "pk": 163, "fields": {"criterio": 4, "puntaje": 5, "jurado": 10, "equipo": 13}}, {"model": "evaluacion.evaluacion", "pk": 164, "fields": {"criterio": 6, "puntaje": 5, "jurado": 10, "equipo": 13}}, {"model": "evaluacion.evaluacion", "pk": 165, "fields": {"criterio": 8, "puntaje": 5, "jurado": 10, "equipo": 13}}, {"model": "evaluacion.evaluacion", "pk": 166, "fields": {"criterio": 5, "puntaje": 5, "jurado": 10, "equipo": 13}}, {"model": "evaluacion.evaluacion", "pk": 167, "fields": {"criterio": 7, "puntaje": 3, "jurado": 10, "equipo": 14}}, {"model": "evaluacion.evaluacion", "pk": 168, "fields": {"criterio": 4, "puntaje": 2, "jurado": 10, "equipo": 14}}, {"model": "evaluacion.evaluacion", "pk": 169, "fields": {"criterio": 6, "puntaje": 3, "jurado": 10, "equipo": 14}}, {"model": "evaluacion.evaluacion", "pk": 170, "fields": {"criterio": 8, "puntaje": 2, "jurado": 10, "equipo": 14}}, {"model": "evaluacion.evaluacion", "pk": 171, "fields": {"criterio": 5, "puntaje": 3, "jurado": 10, "equipo": 14}}, {"model": "evaluacion.evaluacion", "pk": 172, "fields": {"criterio": 7, "puntaje": 1, "jurado": 10, "equipo": 15}}, {"model": "evaluacion.evaluacion", "pk": 173, "fields": {"criterio": 4, "puntaje": 1, "jurado": 10, "equipo": 15}}, {"model": "evaluacion.evaluacion", "pk": 174, "fields": {"criterio": 6, "puntaje": 1, "jurado": 10, "equipo": 15}}, {"model": "evaluacion.evaluacion", "pk": 175, "fields": {"criterio": 8, "puntaje": 2, "jurado": 10, "equipo": 15}}, {"model": "evaluacion.evaluacion", "pk": 176, "fields": {"criterio": 5, "puntaje": 1, "jurado": 10, "equipo": 15}}, {"model": "evaluacion.evaluacion", "pk": 177, "fields": {"criterio": 7, "puntaje": 4, "jurado": 10, "equipo": 16}}, {"model": "evaluacion.evaluacion", "pk": 178, "fields": {"criterio": 4, "puntaje": 4, "jurado": 10, "equipo": 16}}, {"model": "evaluacion.evaluacion", "pk": 179, "fields": {"criterio": 6, "puntaje": 2, "jurado": 10, "equipo": 16}}, {"model": "evaluacion.evaluacion", "pk": 180, "fields": {"criterio": 8, "puntaje": 4, "jurado": 10, "equipo": 16}}, {"model": "evaluacion.evaluacion", "pk": 181, "fields": {"criterio": 5, "puntaje": 2, "jurado": 10, "equipo": 16}}, {"model": "evaluacion.evaluacion", "pk": 182, "fields": {"criterio": 7, "puntaje": 3, "jurado": 10, "equipo": 17}}, {"model": "evaluacion.evaluacion", "pk": 183, "fields": {"criterio": 4, "puntaje": 3, "jurado": 10, "equipo": 17}}, {"model": "evaluacion.evaluacion", "pk": 184, "fields": {"criterio": 6, "puntaje": 3, "jurado": 10, "equipo": 17}}, {"model": "evaluacion.evaluacion", "pk": 185, "fields": {"criterio": 8, "puntaje": 3, "jurado": 10, "equipo": 17}}, {"model": "evaluacion.evaluacion", "pk": 186, "fields": {"criterio": 5, "puntaje": 3, "jurado": 10, "equipo": 17}}, {"model": "evaluacion.evaluacion", "pk": 187, "fields": {"criterio": 7, "puntaje": 3, "jurado": 10, "equipo": 18}}, {"model": "evaluacion.evaluacion", "pk": 188, "fields": {"criterio": 4, "puntaje": 2, "jurado": 10, "equipo": 18}}, {"model": "evaluacion.evaluacion", "pk": 189, "fields": {"criterio": 6, "puntaje": 3, "jurado": 10, "equipo": 18}}, {"model": "evaluacion.evaluacion", "pk": 190, "fields": {"criterio": 8, "puntaje": 3, "jurado": 10, "equipo": 18}}, {"model": "evaluacion.evaluacion", "pk": 191, "fields": {"criterio": 5, "puntaje": 2, "jurado": 10, "equipo": 18}}, {"model": "evaluacion.evaluacion", "pk": 192, "fields": {"criterio": 7, "puntaje": 1, "jurado": 10, "equipo": 19}}, {"model": "evaluacion.evaluacion", "pk": 193, "fields": {"criterio": 4, "puntaje": 1, "jurado": 10, "equipo": 19}}, {"model": "evaluacion.evaluacion", "pk": 194, "fields": {"criterio": 6, "puntaje": 1, "jurado": 10, "equipo": 19}}, {"model": "evaluacion.evaluacion", "pk": 195, "fields": {"criterio": 8, "puntaje": 1, "jurado": 10, "equipo": 19}}, {"model": "evaluacion.evaluacion", "pk": 196, "fields": {"criterio": 5, "puntaje": 1, "jurado": 10, "equipo": 19}}, {"model": "evaluacion.evaluacion", "pk": 197, "fields": {"criterio": 7, "puntaje": 3, "jurado": 10, "equipo": 20}}, {"model": "evaluacion.evaluacion", "pk": 198, "fields": {"criterio": 4, "puntaje": 3, "jurado": 10, "equipo": 20}}, {"model": "evaluacion.evaluacion", "pk": 199, "fields": {"criterio": 6, "puntaje": 3, "jurado": 10, "equipo": 20}}, {"model": "evaluacion.evaluacion", "pk": 200, "fields": {"criterio": 8, "puntaje": 3, "jurado": 10, "equipo": 20}}, {"model": "evaluacion.evaluacion", "pk": 201, "fields": {"criterio": 5, "puntaje": 3, "jurado": 10, "equipo": 20}}, {"model": "evaluacion.evaluacion", "pk": 202, "fields": {"criterio": 7, "puntaje": 5, "jurado": 10, "equipo": 21}}, {"model": "evaluacion.evaluacion", "pk": 203, "fields": {"criterio": 4, "puntaje": 3, "jurado": 10, "equipo": 21}}, {"model": "evaluacion.evaluacion", "pk": 204, "fields": {"criterio": 6, "puntaje": 3, "jurado": 10, "equipo": 21}}, {"model": "evaluacion.evaluacion", "pk": 205, "fields": {"criterio": 8, "puntaje": 3, "jurado": 10, "equipo": 21}}, {"model": "evaluacion.evaluacion", "pk": 206, "fields": {"criterio": 5, "puntaje": 5, "jurado": 10, "equipo": 21}}, {"model": "evaluacion.evaluacion", "pk": 207, "fields": {"criterio": 2, "puntaje": 3, "jurado": 1, "equipo": 14}}, {"model": "evaluacion.equipoevaluado", "pk": 1, "fields": {"equipo": 2, "jurado": 1}}, {"model": "evaluacion.equipoevaluado", "pk": 2, "fields": {"equipo": 2, "jurado": 8}}, {"model": "evaluacion.equipoevaluado", "pk": 3, "fields": {"equipo": 3, "jurado": 8}}, {"model": "evaluacion.equipoevaluado", "pk": 4, "fields": {"equipo": 4, "jurado": 8}}, {"model": "evaluacion.equipoevaluado", "pk": 5, "fields": {"equipo": 5, "jurado": 8}}, {"model": "evaluacion.equipoevaluado", "pk": 6, "fields": {"equipo": 6, "jurado": 8}}, {"model": "evaluacion.equipoevaluado", "pk": 7, "fields": {"equipo": 7, "jurado": 8}}, {"model": "evaluacion.equipoevaluado", "pk": 8, "fields": {"equipo": 2, "jurado": 9}}, {"model": "evaluacion.equipoevaluado", "pk": 9, "fields": {"equipo": 4, "jurado": 9}}, {"model": "evaluacion.equipoevaluado", "pk": 10, "fields": {"equipo": 8, "jurado": 8}}, {"model": "evaluacion.equipoevaluado", "pk": 11, "fields": {"equipo": 9, "jurado": 8}}, {"model": "evaluacion.equipoevaluado", "pk": 12, "fields": {"equipo": 10, "jurado": 8}}, {"model": "evaluacion.equipoevaluado", "pk": 13, "fields": {"equipo": 11, "jurado": 8}}, {"model": "evaluacion.equipoevaluado", "pk": 14, "fields": {"equipo": 12, "jurado": 8}}, {"model": "evaluacion.equipoevaluado", "pk": 15, "fields": {"equipo": 13, "jurado": 8}}, {"model": "evaluacion.equipoevaluado", "pk": 16, "fields": {"equipo": 14, "jurado": 8}}, {"model": "evaluacion.equipoevaluado", "pk": 17, "fields": {"equipo": 2, "jurado": 10}}, {"model": "evaluacion.equipoevaluado", "pk": 18, "fields": {"equipo": 15, "jurado": 8}}, {"model": "evaluacion.equipoevaluado", "pk": 19, "fields": {"equipo": 3, "jurado": 10}}, {"model": "evaluacion.equipoevaluado", "pk": 20, "fields": {"equipo": 16, "jurado": 8}}, {"model": "evaluacion.equipoevaluado", "pk": 21, "fields": {"equipo": 4, "jurado": 10}}, {"model": "evaluacion.equipoevaluado", "pk": 22, "fields": {"equipo": 17, "jurado": 8}}, {"model": "evaluacion.equipoevaluado", "pk": 23, "fields": {"equipo": 5, "jurado": 10}}, {"model": "evaluacion.equipoevaluado", "pk": 24, "fields": {"equipo": 18, "jurado": 8}}, {"model": "evaluacion.equipoevaluado", "pk": 25, "fields": {"equipo": 6, "jurado": 10}}, {"model": "evaluacion.equipoevaluado", "pk": 26, "fields": {"equipo": 19, "jurado": 8}}, {"model": "evaluacion.equipoevaluado", "pk": 27, "fields": {"equipo": 7, "jurado": 10}}, {"model": "evaluacion.equipoevaluado", "pk": 28, "fields": {"equipo": 20, "jurado": 8}}, {"model": "evaluacion.equipoevaluado", "pk": 29, "fields": {"equipo": 8, "jurado": 10}}, {"model": "evaluacion.equipoevaluado", "pk": 30, "fields": {"equipo": 21, "jurado": 8}}, {"model": "evaluacion.equipoevaluado", "pk": 31, "fields": {"equipo": 9, "jurado": 10}}, {"model": "evaluacion.equipoevaluado", "pk": 32, "fields": {"equipo": 10, "jurado": 10}}, {"model": "evaluacion.equipoevaluado", "pk": 33, "fields": {"equipo": 11, "jurado": 10}}, {"model": "evaluacion.equipoevaluado", "pk": 34, "fields": {"equipo": 12, "jurado": 10}}, {"model": "evaluacion.equipoevaluado", "pk": 35, "fields": {"equipo": 13, "jurado": 10}}, {"model": "evaluacion.equipoevaluado", "pk": 36, "fields": {"equipo": 14, "jurado": 10}}, {"model": "evaluacion.equipoevaluado", "pk": 37, "fields": {"equipo": 15, "jurado": 10}}, {"model": "evaluacion.equipoevaluado", "pk": 38, "fields": {"equipo": 16, "jurado": 10}}, {"model": "evaluacion.equipoevaluado", "pk": 39, "fields": {"equipo": 17, "jurado": 10}}, {"model": "evaluacion.equipoevaluado", "pk": 40, "fields": {"equipo": 18, "jurado": 10}}, {"model": "evaluacion.equipoevaluado", "pk": 41, "fields": {"equipo": 19, "jurado": 10}}, {"model": "evaluacion.equipoevaluado", "pk": 42, "fields": {"equipo": 20, "jurado": 10}}, {"model": "evaluacion.equipoevaluado", "pk": 43, "fields": {"equipo": 21, "jurado": 10}}]